Suburb,Address,Rooms,Type,Price,BuildingArea,YearBuilt
Bentleigh East,18 Mervin St,2,h,1410000,NA,NA
Bentleigh East,1/69 Purtell St,3,t,760000,NA,NA
Bentleigh East,30 Veronica St,2,h,825000,125,2008
Bentleigh East,2a Bessie St,2,u,746000,95,2002
Bentleigh East,14a Daphne St,1,u,580000,NA,NA
Bentleigh East,19 Denver St,5,h,1275000,190,1960
Bentleigh East,93 Parkmore Rd,3,h,1206000,NA,NA
Bentleigh East,14B Boronia St,3,t,1115000,NA,NA
Bentleigh East,76 Castlewood St,4,h,1190000,NA,NA
Bentleigh East,38 Edinburgh St,4,h,1270000,NA,NA
Bentleigh East,1/41 Elizabeth St,3,u,1025000,120,1999
Bentleigh East,6/12 Neville St,3,u,740000,NA,NA
Bentleigh East,27 Neville St,4,h,1960000,NA,NA
Bentleigh East,2/25 Birdwood St,2,u,495000,79,1980
Bentleigh East,8a Bray Ct,2,u,570000,NA,NA
Bentleigh East,24 Brooks St,4,h,1220000,178,1950
Bentleigh East,13 Claronga St,3,h,885000,110,1950
Bentleigh East,17a Edinburgh St,3,t,830000,141,2012
Bentleigh East,49 Gowrie St,4,h,1137500,NA,NA
Bentleigh East,1 Konrad St,4,h,1100000,NA,1975
Bentleigh East,19 Kurrajong St,3,h,1040000,NA,1970
Bentleigh East,34b Lesden St,4,t,1210000,222,2014
Bentleigh East,59 Tambet St,4,t,1160000,180,2006
Bentleigh East,24 Barrani St,3,h,1215000,110,1970
Bentleigh East,71 Bignell Rd,4,h,1200000,191,1960
Bentleigh East,96 Brady Rd,3,h,1050000,140,1950
Bentleigh East,25 Connie St,5,h,950000,146,1950
Bentleigh East,9/7 Derry St,2,u,380000,78,1970
Bentleigh East,3/32 Elizabeth St,2,h,689000,87,NA
Bentleigh East,33 Molden St,3,h,1400000,NA,NA
Bentleigh East,20 Normdale Rd,3,h,965000,NA,NA
Bentleigh East,38 Northam Rd,3,h,1338000,177,1970
Bentleigh East,48a Purtell St,3,t,8e+05,NA,NA
Bentleigh East,1/6 Richard St,2,u,651000,150,1960
Bentleigh East,12 Rudyard St,3,h,920000,NA,1955
Bentleigh East,3 Veronica St,3,h,1390000,118,1960
Bentleigh East,2/12 Blenheim St,2,u,495000,NA,NA
Bentleigh East,4/19 Gray St,1,u,370000,NA,1970
Bentleigh East,4 Tambet St,3,h,1100000,163,1955
Bentleigh East,109 Victor Rd,4,h,1100000,NA,NA
Bentleigh East,7 Wallace St,3,h,1355000,NA,NA
Bentleigh East,21 Wards Gr,4,h,1206000,138,1940
Bentleigh East,2/3 Wonga Ct,2,t,486500,75,1960
Bentleigh East,26 Boronia St,2,h,1010000,NA,NA
Bentleigh East,16 Leigh St,3,h,899000,NA,NA
Bentleigh East,87 Parkmore Rd,4,h,1415000,177,1970
Bentleigh East,1A Brian St,4,t,1185000,207,2012
Bentleigh East,13 Brooks St,4,t,1060000,166,1960
Bentleigh East,4/738 Centre Rd,2,u,716000,NA,NA
Bentleigh East,18 May St,3,h,1550000,NA,NA
Bentleigh East,1098 North Rd,3,h,840000,NA,NA
Bentleigh East,106 Parkmore Rd,3,h,1110000,NA,NA
Bentleigh East,8 Tambet St,3,h,1106000,NA,NA
Bentleigh East,41 Bradford St,3,h,845000,145,1998
Bentleigh East,2/41 Elizabeth St,3,t,860000,117,1995
Bentleigh East,40 Kennedy St,3,h,1208000,NA,NA
Bentleigh East,5b MacKie Rd,3,t,921000,140,2009
Bentleigh East,13 Norville St,3,h,1165000,NA,NA
Bentleigh East,37 Orange St,3,h,1270000,NA,NA
Bentleigh East,1/112 Tambet St,2,h,742500,135,1960
Bentleigh East,25 Thornton St,3,h,920000,120,1950
Bentleigh East,53 Purtell St,3,h,1307000,NA,NA
Bentleigh East,33 Schulz St,4,h,1010000,112,NA
Bentleigh East,12 Tambet St,2,h,702000,102,1960
Bentleigh East,1/93 Tambet St,2,h,813000,NA,NA
Bentleigh East,2/15 Liverpool St,3,t,805000,117,2000
Bentleigh East,47 MacKie Rd,3,h,880000,NA,NA
Bentleigh East,23 Yarraburn Cl,4,h,1100000,190,2004
Bentleigh East,14 Vasey St,3,h,1085000,NA,NA
Bentleigh East,32a Argyle St,3,t,920000,NA,NA
Bentleigh East,12 Barrani St,3,h,1050000,131,1950
Bentleigh East,45 Browns Rd,3,h,1560000,NA,NA
Bentleigh East,25 Glover St,4,h,8e+05,NA,NA
Bentleigh East,21 Highview Rd,2,h,722000,79,2005
Bentleigh East,18 Normanby Rd,3,h,930000,133,1960
Bentleigh East,93 Tudor St,3,h,921000,119,2000
Bentleigh East,23 York St,4,h,1035000,160,1950
Bentleigh East,2/34 Adrian St,3,u,720000,NA,1996
Bentleigh East,20 Elizabeth St,3,h,1185000,NA,NA
Bentleigh East,7 England St,4,h,1352000,196,1950
Bentleigh East,11b Lilac St,4,t,1005000,205,2006
Bentleigh East,53 Molden St,2,u,761000,NA,NA
Bentleigh East,790 North Rd,5,h,1600000,315,1930
Bentleigh East,26 Almurta Rd,3,h,1200000,120,1970
Bentleigh East,1/57 Brooks St,3,h,780000,126,1950
Bentleigh East,48a Celia St,4,t,1250000,231,2010
Bentleigh East,30 Chauvel St,3,h,750000,NA,NA
Bentleigh East,36 Kennedy St,3,h,1300000,NA,NA
Bentleigh East,5 Kennedy St,5,h,1475000,NA,NA
Bentleigh East,8 Leo St,4,h,1110000,176,1960
Bentleigh East,42 Marlborough St,2,u,835000,NA,NA
Bentleigh East,11 Moylan St,4,h,1690000,165,1950
Bentleigh East,42 Paloma St,3,u,791000,122,1950
Bentleigh East,601 South Rd,3,h,9e+05,140,1940
Bentleigh East,1/51 Valkstone St,3,h,1189000,NA,2010
Bentleigh East,75 Victor Rd,3,t,825000,NA,NA
Bentleigh East,2/11 Francesco St,3,t,1030000,NA,NA
Bentleigh East,2/40 Francesco St,3,t,970000,156,2000
Bentleigh East,16 Greenview Ct,3,h,930000,NA,NA
Bentleigh East,5 Malane St,4,h,1510000,NA,NA
Bentleigh East,2/1 Mervin St,3,t,1240000,NA,NA
Bentleigh East,1002 North Rd,3,h,823000,143,2003
Bentleigh East,27 Parkmore Rd,4,h,1310000,NA,NA
Bentleigh East,71 Victor Rd,4,h,1475000,NA,NA
Bentleigh East,40 Waratah St,4,t,950000,NA,1940
Bentleigh East,1/38 Kennedy St,4,t,1045000,190,2010
Bentleigh East,3/14 Malane St,3,h,750000,NA,NA
Bentleigh East,2/111 Marlborough St,3,u,8e+05,NA,1994
Bentleigh East,2/119 Marlborough St,2,u,655000,80,2000
Bentleigh East,3 Molden St,5,h,1550000,257,1950
Bentleigh East,2/53 Moylan St,3,h,835000,105,1980
Bentleigh East,75 Orange St,3,h,1140000,NA,NA
Bentleigh East,18 Paloma St,2,h,1120000,NA,NA
Bentleigh East,31b Purtell St,4,t,1465000,256,2015
Bentleigh East,24 Veronica St,3,h,910000,96,1950
Bentleigh East,2/14 Wamba Rd,3,u,920000,123,2007
Bentleigh East,14 Charles St,3,t,935000,160,2012
Bentleigh East,14 Florence St,3,h,977000,163,1970
Bentleigh East,1 Jassa St,3,h,1352000,122,1950
Bentleigh East,12 Millard St,4,h,1115000,160,1960
Bentleigh East,4 Adrian St,3,h,780000,NA,1966
Bentleigh East,40 Chesterville Dr,3,h,1115000,NA,NA
Bentleigh East,54 Elizabeth St,3,h,1197000,147,1949
Bentleigh East,2/10 Matthews Rd,2,u,485000,83,2011
Bentleigh East,1/26 Patricia St,3,u,810000,NA,1950
Bentleigh East,39 Shrewsbury St,4,h,1365000,151,1960
Bentleigh East,579 Warrigal Rd,3,h,7e+05,NA,NA
Bentleigh East,10 Boronia St,4,h,1698888,337,2006
Bentleigh East,20 McGuinness Rd,4,h,1150000,NA,NA
Bentleigh East,6/1126 North Rd,2,u,340000,NA,2012
Bentleigh East,76 Bignell Rd,3,h,1e+06,NA,NA
Bentleigh East,5a Cavalier St,3,t,965000,28,2010
Bentleigh East,2/5 Connie St,3,u,870000,150,2011
Bentleigh East,23 Gardeners Rd,3,h,1405000,NA,NA
Bentleigh East,123 MacKie Rd,3,h,1161000,168,1950
Bentleigh East,11 Melball St,3,h,1266000,146,1970
Bentleigh East,2/8 Rudyard St,3,t,7e+05,200,2008
Bentleigh East,2A Barrani St,4,t,1325000,265,2012
Bentleigh East,2/16 Bessie St,3,u,770000,132,2005
Bentleigh East,177 Bignell Rd,3,h,1110000,538,NA
Bentleigh East,1/6 Brad St,1,u,380000,99,1970
Bentleigh East,98 Brady Rd,4,h,1175000,158,1980
Bentleigh East,3 Forrest St,3,h,1200000,120,1960
Bentleigh East,88 MacKie Rd,4,h,1370000,196,1970
Bentleigh East,4 Mawby Rd,4,h,1433500,186,1950
Bentleigh East,370 McKinnon Rd,2,h,1630000,NA,NA
Bentleigh East,43 Wards Gr,3,h,1360000,NA,NA
Bentleigh East,45 Chesterville Dr,4,h,9e+05,NA,NA
Bentleigh East,61 Molden St,3,t,860000,131,2005
Bentleigh East,30 Browns Rd,2,u,772500,NA,NA
Bentleigh East,15 Cormick St,3,h,1001000,NA,NA
Bentleigh East,3/2 Garden Rd,2,u,715000,114,1995
Bentleigh East,6 Gray St,3,h,801000,NA,NA
Bentleigh East,2/5 Pell St,3,t,882000,NA,NA
Bentleigh East,41 Wards Gr,2,h,1180000,NA,NA
Bentleigh East,30A Almurta Rd,3,t,840000,NA,NA
Bentleigh East,1/811 Centre Rd,2,h,710000,115,1950
Bentleigh East,335 Chesterville Rd,4,h,1040000,NA,NA
Bentleigh East,71 Deakin St,5,h,1550000,296,2007
Bentleigh East,2/42 Gowrie St,3,h,930000,NA,NA
Bentleigh East,2/12 Hodgson Gr,3,u,790000,100,1996
Bentleigh East,5 Konrad St,3,h,1040000,NA,NA
Bentleigh East,18 Patricia St,3,h,1020000,144,1960
Bentleigh East,2 Sanicki Ct,3,t,670000,NA,NA
Bentleigh East,2/25 Brooks St,3,u,8e+05,NA,NA
Bentleigh East,2/34 Browns Rd,4,t,1120000,NA,NA
Bentleigh East,16a Daphne St,3,t,970000,NA,NA
Bentleigh East,1/4 Daphne St,3,t,787500,NA,NA
Bentleigh East,24 Kurrajong St,3,h,950000,NA,NA
Bentleigh East,3b Manuka St,3,h,886000,122,2012
Bentleigh East,36a Barrington St,3,t,780000,NA,NA
Bentleigh East,3 Belinda Ct,4,h,1015000,198,1997
Bentleigh East,1/3 Brady Rd,3,u,830000,NA,2001
Bentleigh East,9 Colin St,3,h,1241000,NA,NA
Bentleigh East,27 Connie St,4,h,1255000,167,1950
Bentleigh East,8 Marlborough St,3,h,1320000,94,1950
Bentleigh East,1/39 Neville St,3,h,870000,133,1950
Bentleigh East,4 Wingate St,4,h,1472500,219,2013
Bentleigh East,25 Anarth St,2,h,640000,118,2005
Bentleigh East,115 Bignell Rd,2,h,1160000,NA,NA
Bentleigh East,12 John St,4,h,1306000,NA,NA
Bentleigh East,41 Mawby Rd,3,h,1291000,NA,NA
Brunswick,8/55 De Carle St,2,u,428000,NA,1970
Brunswick,234 Victoria St,2,h,1026000,108,1905
Brunswick,9 Blair St,4,h,1802500,93,1910
Brunswick,25 Hardy St,4,h,1500000,209,1890
Brunswick,29 Stewart St,4,h,2230000,287,1940
Brunswick,1/182 Albion St,3,h,1050000,NA,NA
Brunswick,11/97 Brickworks Dr,2,u,410000,66,2000
Brunswick,9/15 De Carle St,1,u,272500,40,1970
Brunswick,2/3 Donald St,3,h,680000,100,2016
Brunswick,3/9 Austin Tce,2,u,4e+05,61,1970
Brunswick,77 Blyth St,3,h,950000,96,1910
Brunswick,314 Barkly St,3,h,1310000,NA,1880
Brunswick,5/185 Brunswick Rd,4,t,860000,97,NA
Brunswick,141 Gold St,2,h,845500,90,1890
Brunswick,143 Gold St,2,h,860000,NA,1910
Brunswick,3/4 Mitchell St,2,t,605000,78,2009
Brunswick,13 Percy St,3,h,1055000,NA,1930
Brunswick,9/33 Staley St,2,u,445000,61,1975
Brunswick,1/263 Albion St,2,u,659500,85,1970
Brunswick,6/153 Barkly St,2,u,6e+05,75,2011
Brunswick,21/10 Breese St,3,u,627000,NA,NA
Brunswick,79 Hope St,4,h,1450000,NA,NA
Brunswick,2 Sheffield St,3,h,990000,NA,NA
Brunswick,129 Albion St,4,h,1115000,139,1900
Brunswick,39 Eveline St,3,h,1125000,91,1910
Brunswick,28 Osborne St,3,h,855000,97,1930
Brunswick,78 Stewart St,3,h,910000,NA,NA
Brunswick,16 Thistle St,3,t,940000,140,2016
Brunswick,28 Blair St,2,h,1100000,NA,1900
Brunswick,3/38 Charles St,2,t,750000,88,2013
Brunswick,73 Davies St,2,h,1056000,108,1910
Brunswick,7/117 Albion St,2,t,620000,2,NA
Brunswick,3/5 Evans St,3,u,880000,152,2000
Brunswick,5 MacKenzie St,3,h,1222500,126,1890
Brunswick,3A Austin Tce,3,h,810000,NA,NA
Brunswick,61 Evans St,2,h,1105000,NA,NA
Brunswick,136 Hope St,2,h,1260000,NA,1925
Brunswick,87 Hope St,3,t,955000,110,2007
Brunswick,94 Lydia St,1,t,895000,NA,NA
Brunswick,443 Albert St,2,h,1094000,NA,NA
Brunswick,391 Brunswick Rd,3,h,1135000,NA,NA
Brunswick,332 Albion St,2,h,792000,NA,NA
Brunswick,1/32 Donald St,2,u,587000,65,1970
Brunswick,98 Evans St,3,h,1060000,121,1935
Brunswick,144A Glenlyon Rd,2,h,840000,NA,NA
Brunswick,246 Victoria St,2,h,890000,93,1900
Brunswick,190 Barkly St,4,h,1358000,NA,NA
Brunswick,7 Barrow St,3,h,840000,NA,NA
Brunswick,2/12 Jones St,2,t,685000,100,2002
Brunswick,6/837 Park St,2,u,6e+05,NA,1970
Brunswick,74 Davies St,3,h,905000,NA,NA
Brunswick,14 Murdock St,3,h,976000,162,2005
Brunswick,8/2 Pottery Ct,3,t,641000,112,1900
Brunswick,157 Albion St,2,h,770000,87,1910
Brunswick,6/305 Albion St,1,u,279500,51,1970
Brunswick,177 Barkly St,4,h,1800000,180,1900
Brunswick,30 Charles St,4,h,1350000,151,1940
Brunswick,113 Glenlyon Rd,4,h,1320000,156,1920
Brunswick,311 Albion St,3,h,825000,130,1900
Brunswick,46 Cassels Rd,2,h,860000,NA,1900
Brunswick,50 Davies St,2,h,830000,NA,NA
Brunswick,58 Donald St,2,h,936000,NA,NA
Brunswick,175 Edward St,3,h,1261000,100,1910
Brunswick,84 Stewart St,3,h,1045000,105,1890
Brunswick,215/1 Dods St,3,u,1044000,85,2000
Brunswick,154 Brunswick Rd,3,h,1050000,126,1910
Brunswick,2 Chambers St,3,h,1691500,152,1920
Brunswick,54 Davies St,2,h,1075000,108,1930
Brunswick,2/1 Sturrock St,2,u,620000,NA,1975
Brunswick,23/10 Breese St,2,u,501000,80,2010
Brunswick,393A Brunswick Rd,3,h,1260000,98,1960
Brunswick,52 Evans St,3,h,1650000,141,1920
Brunswick,8/705 Park St,2,u,601000,57,1970
Brunswick,32 Rose St,1,h,8e+05,NA,NA
Brunswick,17 Sutherland St,2,h,1015000,86,1920
Brunswick,3 Ballarat St,1,t,625000,114,1930
Brunswick,5 Black St,3,h,1700000,195,1945
Brunswick,77 Brickworks Dr,3,t,815000,142,NA
Brunswick,11/68 De Carle St,2,u,435000,57,1973
Brunswick,68 Henkel St,2,h,890000,NA,NA
Brunswick,144 Union St,3,h,1815000,NA,NA
Brunswick,222 Barkly St,5,h,2500000,266,1890
Brunswick,105 Dawson St,2,h,860000,88,1910
Brunswick,10/66 De Carle St,2,u,491000,66,1960
Brunswick,64 Henkel St,3,h,990000,NA,NA
Brunswick,15/11 Aberdeen St,2,u,350000,NA,NA
Brunswick,35 Charles St,2,h,871000,NA,1880
Brunswick,5 Hanover St,3,h,985000,89,1940
Brunswick,64 Hanover St,3,h,1250000,162,1890
Brunswick,1/21 Jones St,2,h,542000,NA,NA
Brunswick,8/2 Pottery Ct,3,t,641000,112,1900
Brunswick,131 Tinning St,5,h,1395000,NA,NA
Brunswick,58 Cassels Rd,3,h,860000,104,1890
Brunswick,2/825 Park St,1,u,440000,NA,NA
Brunswick,26 Talbot St,2,h,860000,NA,NA
Brunswick,4 McPherson St,3,h,835000,NA,NA
Brunswick,35 Percy St,2,h,705000,68,1910
Brunswick,94 Wilson St,2,h,8e+05,NA,NA
Brunswick,270 Albion St,3,h,880000,117,1915
Brunswick,1 Davison St,3,h,1e+06,NA,NA
Brunswick,2/18 De Carle St,2,t,754000,105,2000
Brunswick,17 Goodman St,2,h,916000,NA,1890
Brunswick,5/6 Pottery Ct,2,u,590000,74,2004
Brunswick,2/6 Sydney Rd,2,u,575000,66,1950
Brunswick,41 Eveline St,2,h,1020000,NA,NA
Brunswick,28 Frederick St,3,h,1510000,150,1920
Brunswick,3/30 Heller St,2,t,801000,87,2007
Brunswick,32 Lobb St,3,t,820000,126,2011
Brunswick,10/285 Brunswick Rd,1,u,370000,45,1970
Brunswick,4 Frederick St,3,h,1170000,104,1890
Brunswick,4 Bell St,4,h,1790000,129,1920
Brunswick,2/123 Brunswick Rd,3,t,640000,118,2000
Brunswick,4 Bryant St,4,h,820000,NA,NA
Brunswick,36 Charles St,4,h,1875000,207,1958
Brunswick,7 Garnet St,3,h,1053000,1041,1925
Brunswick,11 William St,3,t,705000,111,2012
Brunswick,10/150 Brunswick Rd,1,u,240000,NA,NA
Brunswick,7 Hall St,4,h,1217000,127,1920
Brunswick,7 Louisa St,3,h,1020000,119,1943
Brunswick,302/34 Union St,2,u,1180000,NA,2010
Brunswick,26 Warburton St,3,h,1340000,132,1910
Brunswick,11 Denman St,4,h,1410000,214,1916
Brunswick,19 Horne St,3,h,1550000,126,1900
Brunswick,30 Lobb St,3,h,740000,122,2010
Brunswick,60 Rose St,3,h,947000,NA,NA
Brunswick,2/22 Saxon St,2,u,592500,89,2002
Brunswick,38 Stewart St,3,h,1317000,NA,NA
Brunswick,11/6 Sydney Rd,1,u,370000,54,1965
Brunswick,46 Tinning St,2,h,765000,120,1880
Brunswick,10 Cliff St,1,h,772000,82,1890
Brunswick,69 Glenlyon Rd,3,h,1210000,130,1890
Brunswick,25 Gray St,4,h,1755000,199,1910
Brunswick,30 Mountfield St,2,h,1073000,NA,NA
Brunswick,109 Stewart St,3,h,1080000,NA,NA
Brunswick,411 Barkly St,2,h,945000,103,1910
Brunswick,52 Talbot St,2,h,755000,157,1930
Preston,6 Dalgety St,3,h,1250000,141,1980
Preston,2 Eggleton Ct,3,h,855000,NA,NA
Preston,370 Gilbert Rd,4,h,930000,180,1920
Preston,164 Gower St,4,h,9e+05,NA,1940
Preston,19 Malpas St,4,h,1004000,NA,NA
Preston,376 Plenty Rd,3,h,930000,NA,NA
Preston,5 Kendall St,3,h,1200000,NA,NA
Preston,82 Murray Rd,3,h,721000,NA,NA
Preston,287 Plenty Rd,3,h,751000,3,1950
Preston,46 Dunstan St,2,h,835000,NA,NA
Preston,111 Gower St,3,h,637000,NA,NA
Preston,5 Kendall St,3,h,1265000,NA,NA
Preston,7 Kenneth St,3,h,1100000,130,NA
Preston,64 Malpas St,4,h,1082000,NA,NA
Preston,27 Olver St,2,t,715000,121,2009
Preston,672 Plenty Rd,5,h,630000,5,NA
Preston,82 Raglan St,2,h,837000,96,1950
Preston,191 Tyler St,3,h,950000,180,1918
Preston,24 Benambra St,3,h,840000,NA,NA
Preston,2/3 Burkitt Ct,3,u,496000,98,1990
Preston,10 May St,4,h,931000,NA,NA
Preston,5 Newman St,2,h,942000,NA,NA
Preston,94 High St,2,h,650000,360,NA
Preston,227 Murray Rd,2,h,850000,102,1940
Preston,32 Tyler St,3,h,560000,NA,NA
Preston,131b Albert St,2,h,540000,97,2005
Preston,91 Bruce St,3,h,1150000,143,1910
Preston,216 Gower St,3,h,965000,NA,NA
Preston,176 Albert St,3,h,7e+05,NA,NA
Preston,65 Albert St,3,h,615000,87,1950
Preston,6 Emerald St,2,h,775000,NA,NA
Preston,1 George St,3,h,735000,94,1950
Preston,10 Tyler St,3,h,550000,NA,NA
Preston,28 Tynan St,3,h,1e+06,NA,NA
Preston,12 Youngman St,2,h,780000,NA,NA
Preston,35 James St,4,h,810000,151,1950
Preston,41 Kathleen St,3,h,843000,NA,NA
Preston,16 Opal St,2,h,6e+05,106,2005
Preston,21 Dunstan St,3,h,925000,NA,1950
Preston,3/413 Gilbert Rd,1,u,305000,NA,1955
Preston,2 Hope St,3,h,1080000,NA,NA
Preston,3/27 Jessie St,2,u,656000,NA,1975
Preston,90 Murray Rd,2,h,799900,NA,NA
Preston,3 Parker St,3,h,916000,NA,NA
Preston,439 Plenty Rd,3,h,1e+06,3,NA
Preston,33 Showers St,4,h,914000,NA,NA
Preston,287 Tyler St,3,h,1650000,129,1890
Preston,15 Morgan St,3,h,990000,NA,1920
Preston,3/104 Regent St,2,u,512000,NA,NA
Preston,126 Albert St,3,h,6e+05,101,1950
Preston,34 Dean St,4,h,910000,NA,NA
Preston,1/61 Eton St,3,h,485000,NA,NA
Preston,99 Murray Rd,3,h,9e+05,NA,NA
Preston,7 Tynan St,4,h,1e+06,NA,NA
Preston,13 George St,2,h,722000,88,1955
Preston,60 Cramer St,3,h,910000,NA,NA
Preston,23 Dean St,4,h,1260000,150,1950
Preston,30 Flett St,2,t,635000,NA,NA
Preston,97 Murray Rd,3,h,550000,NA,NA
Preston,4/22 Newcastle St,2,u,485000,73,1965
Preston,7 Tiernan St,3,h,690000,92,1960
Preston,14 Arthur St,2,h,1065000,114,1910
Preston,22 Furzer St,3,h,1200000,120,1965
Preston,2/32 Kitchener Gr,3,u,798000,NA,2005
Preston,531 Murray Rd,2,h,850000,NA,NA
Preston,590 Murray Rd,3,h,1355000,NA,NA
Preston,5 North St,3,h,815000,NA,NA
Preston,103 Raglan St,3,h,971000,NA,NA
Preston,4/55 Regent St,2,u,530000,74,1970
Preston,15 Watson St,3,h,9e+05,147,1965
Preston,13 Garnet St,2,h,7e+05,85,1910
Preston,7 Hope St,3,h,930000,NA,NA
Preston,178 Raglan St,2,h,920000,97,1935
Preston,25 Pender St,3,h,842000,NA,NA
Preston,7 Wilcox St,1,h,830000,NA,1930
Preston,3 Avondale Rd,3,h,980000,121,1930
Preston,70 Bruce St,3,h,8e+05,NA,NA
Preston,16 Ellison St,4,h,930000,NA,NA
Preston,37 Kendall St,3,h,930000,NA,NA
Preston,3 Leopold St,2,h,886000,92,1950
Preston,78 Miller St,3,h,1080000,189,1925
Preston,5 Ryde St,3,h,1040000,NA,NA
Preston,1 Bellarine St,4,h,1400000,217,1925
Preston,3/9 Cormac St,2,t,660000,90,2013
Preston,6/383 Gilbert Rd,2,u,436000,65,1980
Preston,43 May St,2,h,876000,85,1950
Preston,198 Raglan St,2,h,910000,103,1950
Preston,37 Scotia St,3,h,1e+06,NA,NA
Preston,122 Tyler St,3,h,8e+05,NA,NA
Preston,283 Tyler St,3,h,928000,NA,NA
Preston,1 Tynan St,3,h,1070000,NA,NA
Preston,9 Ambon St,2,h,565000,NA,1950
Preston,4/1 Furzer St,3,t,714000,115,2005
Preston,1c Mary St,2,h,770000,129,2013
Preston,26 Mount St,3,h,1226000,NA,NA
Preston,246 Murray Rd,3,h,810000,97,1930
Preston,26 Paywit St,3,h,1127000,140,1940
Preston,19 Railway Pl,3,h,750000,NA,NA
Preston,6 Carlisle St,3,h,980000,NA,NA
Preston,2/39 Dean St,3,h,670000,NA,NA
Preston,342 Gilbert Rd,4,h,1315000,NA,1941
Preston,44 Stokes St,2,h,780000,72,1950
Preston,92 Gilbert Rd,2,h,986000,139,1940
Preston,26 Lovelace St,2,h,771000,NA,NA
Preston,421 Murray Rd,4,h,760000,280,1928
Preston,187 Gilbert Rd,3,h,850000,142,NA
Preston,9 Graham Ct,3,h,890000,NA,NA
Preston,16 Josephine Gr,2,h,1088000,NA,NA
Preston,5 Ventnor St,3,h,1123000,506,1950
Preston,209 High St,4,h,6e+05,NA,NA
Preston,22/2 Arthur St,1,u,3e+05,67,2005
Preston,34 Booth St,2,h,890000,95,1950
Preston,99 Dundas St,3,h,1040000,NA,NA
Preston,29 Hope St,3,h,1050000,NA,1948
Preston,5 Bischoff St,2,h,9e+05,528,NA
Preston,28/122 High St,2,u,425000,69,2010
Preston,1c Oak St,2,u,515000,60,2005
Preston,74 Pender St,3,h,1040000,121,1940
Preston,1/46 Tyler St,2,h,520000,NA,2012
Preston,3/18 Furzer St,3,u,605000,NA,NA
Preston,12 Newcastle St,3,h,890000,100,1950
Preston,13 Patterson St,2,h,790000,100,1925
Preston,16 Swallow St,3,h,1e+06,NA,NA
Preston,2 Esther St,2,h,860000,138,1925
Preston,21 George St,2,h,630000,82,1940
Preston,33 George St,4,h,660000,NA,NA
Preston,42 Kathleen St,3,h,810000,NA,NA
Preston,10 Pender St,4,h,875000,147,1940
Preston,27 South St,3,h,923000,118,1920
Preston,38 Wilcox St,4,h,920000,184,1920
Preston,86 Cramer St,3,h,1150000,NA,NA
Preston,33 Gordon Gr,4,h,871000,150,1950
Preston,13 Grampian St,4,h,910000,NA,NA
Preston,11 Inverloch St,3,h,1330000,NA,NA
Preston,194 Miller St,4,h,950000,140,2005
Preston,192 Murray Rd,3,h,821000,NA,NA
Preston,30 Okeefe St,3,h,888500,NA,NA
Preston,192 Wood St,4,h,870000,117,1890
Preston,31 Belgrove St,3,h,1186000,83,1960
Preston,329 Plenty Rd,3,h,9e+05,NA,1950
Preston,91 Plenty Rd,3,h,8e+05,NA,1910
Preston,252 Raglan St,3,h,1030000,NA,NA
Preston,17 Tynan St,4,h,1615000,NA,NA
Preston,25 Watson St,3,h,715000,NA,NA
Preston,1/28 Carlisle St,2,u,610000,79,1970
Preston,21 Gillingham St,3,h,1162500,123,1920
Preston,62 Leicester St,4,h,1142500,160,1970
Preston,140 Murray Rd,3,h,930000,143,1950
Preston,67 Regent St,3,h,875000,119,1950
Preston,4 Raymond St,4,h,840000,120,1950
Preston,4 Stott St,3,h,805000,NA,NA
Preston,13 The Mews,3,h,750000,127,2005
Preston,171 Tyler St,4,h,750000,150,1950
Reservoir,1/21 Dumbarton St,3,u,475000,107,1990
Reservoir,1/147 Purinuan Rd,2,u,415000,84,2012
Reservoir,30 Ashton St,3,h,731000,138,1950
Reservoir,2/20 Crookston Rd,2,u,352000,62,2012
Reservoir,19 Drysdale St,3,h,723000,86,1950
Reservoir,8/211 Edwardes St,2,u,336000,67,1970
Reservoir,53 Fordham Rd,3,h,685000,85,1955
Reservoir,1/72 Purinuan Rd,3,t,620000,NA,2006
Reservoir,10 Ryan St,3,h,620000,NA,NA
Reservoir,19 Wilkinson St,3,h,1025000,272,1950
Reservoir,2/16 Cheddar Rd,2,t,490000,84,2014
Reservoir,686 High St,3,h,805000,118,1930
Reservoir,40 Hughes Pde,4,h,770000,NA,NA
Reservoir,2/16 Odowd St,3,u,645000,NA,2002
Reservoir,31 Powell St,3,h,1005000,467,1930
Reservoir,5 Queen St,2,h,931000,NA,NA
Reservoir,15 Rodman St,2,h,810000,NA,NA
Reservoir,17 Odowd St,2,h,535000,92,2014
Reservoir,3 Xavier Gr,3,h,920000,NA,NA
Reservoir,57 Barry St,3,h,8e+05,170,1975
Reservoir,29 Dredge St,3,h,510000,135,1965
Reservoir,86 Hickford St,3,h,651000,114,1950
Reservoir,10 Zinnia St,3,h,502500,NA,NA
Reservoir,197 Albert St,2,h,365000,83,1960
Reservoir,3/38 Barton St,2,u,405000,94,2009
Reservoir,40b Drysdale St,3,t,620500,117,2011
Reservoir,28 Gloucester St,3,h,730000,NA,NA
Reservoir,1/40 Godley St,1,h,260000,80,2000
Reservoir,16 Kinsale St,3,h,665000,NA,NA
Reservoir,1/1 Leamington St,3,h,625000,186,2003
Reservoir,4/134 McMahon Rd,2,u,357500,NA,NA
Reservoir,4/1 Ashley St,2,u,427500,84,1980
Reservoir,5 Bluebell Pl,4,h,851000,244,2006
Reservoir,41 Cameron St,3,h,998000,153,1950
Reservoir,39 Kinsale St,4,h,1030000,190,1935
Reservoir,1/33 McComas St,2,h,498000,NA,NA
Reservoir,1/40 McComas St,2,u,410000,61,2004
Reservoir,3/36 Myrtle Gr,2,u,450000,NA,NA
Reservoir,4/7 Oconnor St,1,u,341000,NA,NA
Reservoir,14/696 Plenty Rd,2,u,270000,NA,NA
Reservoir,69 Powell St,3,h,9e+05,NA,NA
Reservoir,1/3 Boldrewood Pde,3,h,5e+05,NA,NA
Reservoir,13 Crawley St,4,h,1015000,135,1920
Reservoir,193 Edwardes St,3,h,915000,153,1960
Reservoir,66 Elinda Pl,2,h,380000,NA,1990
Reservoir,1a Fordham Rd,2,u,468000,NA,NA
Reservoir,15 George St,3,h,8e+05,NA,1950
Reservoir,4/60 Henty St,2,u,380000,70,1980
Reservoir,91 Henty St,3,h,6e+05,NA,NA
Reservoir,6/137 Hickford St,3,t,530000,130,2008
Reservoir,3/14 MacK St,3,t,592000,160,2016
Reservoir,11a Oconnor St,2,h,611000,NA,NA
Reservoir,2/102 Rathcown Rd,2,u,440000,83,1980
Reservoir,3 Colthur St,3,h,650000,114,1960
Reservoir,6/13 Fyfe St,2,t,416000,70,2000
Reservoir,15 Glenvale Rd,3,h,610000,NA,NA
Reservoir,43 Gloucester St,3,h,890000,NA,NA
Reservoir,6/833 High St,3,u,301000,63,1970
Reservoir,43 Kingsley Rd,3,h,865000,110,1950
Reservoir,3/16 McComas St,2,u,436000,NA,2011
Reservoir,104 Royal Pde,4,h,650000,NA,1965
Reservoir,7/47 Storey Rd,2,u,432000,NA,NA
Reservoir,96 Whitelaw St,3,h,650000,98,1950
Reservoir,65 Barry St,2,h,836000,NA,NA
Reservoir,3/66 Darebin Bvd,2,u,401000,77,1965
Reservoir,34 Drysdale St,2,h,635000,NA,NA
Reservoir,1/35 George St,2,u,491000,93,1970
Reservoir,5/2 Griffiths St,2,u,420000,NA,NA
Reservoir,3 Hillcroft St,3,h,810000,558,1960
Reservoir,9 Howard St,3,h,780000,NA,NA
Reservoir,2/66 Pine St,2,u,520000,NA,1980
Reservoir,23 Tovey St,3,h,660000,NA,NA
Reservoir,2/953 High St,2,h,555000,92,1970
Reservoir,2/89 Purinuan Rd,2,t,350000,72,2016
Reservoir,2/116 Summerhill Rd,3,h,540000,146,2003
Reservoir,1/5 Box St,3,t,678000,NA,2009
Reservoir,146 North Rd,3,h,812000,NA,1950
Reservoir,31 Rathcown Rd,3,h,682000,103,1970
Reservoir,2/33 Ashley St,2,t,380000,85,2010
Reservoir,3/18 Bedford St,1,u,350000,45,2009
Reservoir,8 Bedwell St,4,h,750000,197,1965
Reservoir,3/41 Fordham Rd,2,t,495000,73,2013
Reservoir,18 Frankston St,2,h,644000,NA,1940
Reservoir,30 Godley St,4,h,895500,NA,NA
Reservoir,1/65 Keon Pde,3,u,5e+05,109,1960
Reservoir,24 Livingstone St,3,h,940000,NA,NA
Reservoir,97 North Rd,2,h,755000,NA,NA
Reservoir,3/68 Northernhay St,2,t,568000,NA,NA
Reservoir,4/62 St Vigeons Rd,2,u,350000,67,1970
Reservoir,3/14 Aberdeen St,2,u,452000,NA,NA
Reservoir,9/99 Barton St,2,u,335000,54,2012
Reservoir,7 Caddy Ct,3,h,585000,NA,NA
Reservoir,2/7 Mattea Ct,2,u,360000,NA,NA
Reservoir,3/7 Mattea Ct,2,u,380000,NA,2011
Reservoir,12 Nisbett St,3,h,546000,84,1960
Reservoir,1/73 Purinuan Rd,3,u,4e+05,97,1970
Reservoir,249 Spring St,4,h,1700000,NA,NA
Reservoir,28 Black St,3,h,592500,NA,NA
Reservoir,60 Powell St,3,h,830000,NA,1928
Reservoir,3/94 Purinuan Rd,2,u,360000,65,2010
Reservoir,83 Royal Pde,3,h,655000,NA,NA
Reservoir,1/104 Cheddar Rd,3,h,410000,105,1960
Reservoir,115 Cheddar Rd,2,h,836000,121,1970
Reservoir,13 Clements Gr,2,h,635000,NA,NA
Reservoir,117 Darebin Bvd,4,h,811000,525,NA
Reservoir,24 Epstein St,2,h,650000,NA,NA
Reservoir,16 North Rd,3,h,765000,NA,NA
Reservoir,2/102 Rathcown Rd,2,u,440000,83,1980
Reservoir,61 Southernhay St,3,h,715000,NA,NA
Reservoir,9 Ayr St,4,h,670000,NA,NA
Reservoir,1/18 Duffy St,2,u,376000,77,1970
Reservoir,2/963 High St,2,u,323000,65,1960
Reservoir,119 Hughes Pde,3,h,680000,146,1965
Reservoir,2/27 Kenilworth St,2,t,530000,106,2007
Reservoir,39 Mason St,4,h,786000,174,2013
Reservoir,4/7 Pershing St,2,u,390000,74,1980
Reservoir,8 Willoughby St,3,h,650000,92,1960
Reservoir,5 Zinnia St,3,h,540000,NA,NA
Reservoir,43 Barry St,3,h,685000,NA,NA
Reservoir,2 Carrington Rd,3,h,8e+05,159,1955
Reservoir,4 Dennis St,3,h,830000,NA,NA
Reservoir,2/14 Drysdale St,2,u,330000,64,1970
Reservoir,12 Ida Ct,3,h,539000,114,1960
Reservoir,79 Darebin Bvd,3,h,622500,94,1960
Reservoir,89 Darebin Bvd,4,h,767500,129,2017
Reservoir,15 Down St,3,h,780000,125,1920
Reservoir,18 Elizabeth Ct,3,h,668000,149,1965
Reservoir,53 Northernhay St,4,h,1215000,NA,NA
Reservoir,5 Birdwood St,3,h,1120000,NA,NA
Reservoir,1/26 Chaleyer St,3,u,470000,97,1970
Reservoir,75 Cheddar Rd,3,h,8e+05,NA,NA
Reservoir,192 Edwardes St,2,h,1700000,NA,NA
Reservoir,4 Hickford St,3,h,655000,137,1970
Reservoir,12 Kinkora Rd,3,h,885000,NA,NA
Reservoir,28A McMahon Rd,2,h,510000,NA,NA
Reservoir,1/12 Merino St,2,u,440000,93,1980
Reservoir,12 Borrie St,3,h,703000,120,1960
Reservoir,1/5 Daventry St,2,u,424000,81,1980
Reservoir,11 Elsey Rd,4,h,750000,NA,NA
Reservoir,25 Florence Cl,3,h,613000,149,1985
Reservoir,6 McShane St,3,h,779000,NA,NA
Reservoir,1 Nisbett St,2,t,425000,100,NA
Reservoir,85 Radford Rd,5,h,791000,NA,NA
Reservoir,3 Sheargold Ct,3,h,475000,133,1970
Reservoir,50 Gloucester St,3,h,950000,120,1920
Reservoir,3/141 Hickford St,2,u,352000,NA,1970
Reservoir,24 Ludeman Ct,4,h,730000,152,1970
Reservoir,140 Purinuan Rd,2,h,791000,NA,NA
Reservoir,6 Rodman St,3,h,905000,121,1960
Reservoir,2/152 St Vigeons Rd,2,u,480000,145,2010
Reservoir,13 Whitby St,3,h,767000,96,1950
Reservoir,26 York St,3,h,871000,NA,NA
Reservoir,1/15 Chenies St,3,u,450000,108,2002
Reservoir,10 Gilbank St,3,h,921500,177,1950
Reservoir,2/10 Odowd St,2,t,490000,91,2013
Reservoir,13 Southernhay St,3,h,787000,118,1940
Reservoir,8/99 Barton St,2,u,3e+05,55,2014
Reservoir,9/99 Barton St,2,u,335000,54,2012
Reservoir,30 Boldrewood Pde,3,h,670500,NA,NA
Reservoir,89 Cheddar Rd,5,h,1050000,NA,NA
Reservoir,2/7 Colthur St,3,u,475000,100,2010
Reservoir,4/32 Crookston Rd,2,u,440000,87,2007
Reservoir,30 Kinsale St,3,h,851500,NA,1930
Reservoir,129 Spring St,2,h,623500,NA,NA
Reservoir,52 Wilson Bvd,4,h,830000,NA,NA
Reservoir,14 Beenak St,3,h,572000,NA,NA
Reservoir,1/15 Delaware St,3,h,6e+05,NA,NA
Reservoir,2/15 Delaware St,3,h,450000,NA,NA
Reservoir,2/2 Elsey Rd,2,u,525000,NA,2014
Reservoir,17 Ramleh Rd,3,h,692500,NA,NA
Reservoir,163 Spring St,4,h,790000,NA,NA
Reservoir,70 Barry St,3,h,785000,NA,NA
Reservoir,16 Cool St,2,h,840000,NA,NA
Reservoir,30 Davidson St,5,h,925000,NA,NA
Reservoir,906 High St,3,h,7e+05,NA,1950
Reservoir,5 Jess St,4,h,801000,NA,1965
Reservoir,1/164 Leamington St,1,u,216000,45,1970
Reservoir,2/164 Leamington St,1,u,220000,45,1970
Reservoir,57 Newton St,3,h,866000,NA,NA
Reservoir,6/5 Seaver Gr,2,u,340000,80,1975
Reservoir,27 Banff St,2,h,500250,NA,1960
Reservoir,2/1 Clark St,1,h,395000,50,2014
Reservoir,33 Edwardes St,3,h,810000,NA,NA
Reservoir,89 Henty St,2,h,790000,97,1950
Reservoir,2/2 Leamington St,2,u,465000,NA,NA
Reservoir,273 Mahoneys Rd,3,h,601000,102,1965
Reservoir,103 McMahon Rd,2,h,772000,NA,NA
Reservoir,33 Shand Rd,2,h,968000,NA,NA
Reservoir,7 Thackeray Rd,3,h,928000,NA,NA
Reservoir,5/25 Ashley St,2,u,3e+05,62,1970
Reservoir,4/18 Gourock St,2,t,420000,107,2003
Reservoir,1 Harmer St,4,h,885000,262,1985
Reservoir,4/1067 High St,2,u,240000,NA,1970
Reservoir,42 Kingsley Rd,3,h,815000,557,1965
Reservoir,28 Mendip Rd,3,h,882500,135,1940
Reservoir,54 Pine St,3,h,793000,128,1950
Reservoir,1/21 Crookston Rd,3,h,550000,128,2006
Reservoir,1/173 Edwardes St,2,u,477000,NA,NA
Reservoir,1/14 Ludeman Ct,2,u,433000,72,2012
Reservoir,6 Mattea Ct,3,u,672000,NA,NA
Reservoir,124 Rathcown Rd,2,h,680000,92,1960
Reservoir,15 Berwick St,3,h,751000,NA,1940
Reservoir,10 Dumbarton St,3,h,851000,101,1960
Reservoir,657 Gilbert Rd,3,h,777000,NA,NA
Reservoir,24 Home St,4,h,1162000,NA,NA
Reservoir,89 McMahon Rd,3,h,620000,NA,NA
Reservoir,1 Mendip Rd,3,h,1025000,134,1935
Reservoir,72 Oconnor St,3,h,762500,NA,NA
Reservoir,40 Powell St,3,h,832000,NA,NA
Reservoir,17 Steane St,5,h,820000,150,NA
Reservoir,81 Barton St,3,h,784000,162,1970
Reservoir,16 Birdwood St,4,h,1186000,188,1940
Reservoir,11 Carrington Rd,3,h,665000,NA,NA
Reservoir,1/9 Daventry St,2,u,405000,NA,1965
Reservoir,1/23 George St,2,u,431000,NA,1975
Reservoir,39 Leamington St,4,h,885000,141,1950
Reservoir,6 MacKenzie St,3,h,718500,133,1975
Reservoir,12 Nutwood St,5,h,762500,285,1990
Reservoir,20 Rodman St,3,h,737000,NA,NA
Reservoir,56 Gloucester St,3,h,810000,NA,NA
Reservoir,42 Oconnor St,2,h,610000,103,1970
Reservoir,4/77 Pine St,2,u,430000,NA,NA
Reservoir,39 Shand Rd,2,h,730000,NA,NA
Reservoir,183 Wilson Bvd,4,h,680000,134,1960
Reservoir,27 Ashton St,3,h,705000,NA,1930
Reservoir,46 Bourke St,3,h,705000,NA,NA
Reservoir,2/14 Ludeman Ct,2,u,390000,65,2012
Richmond,24 Butler St,2,h,937000,103,1950
Richmond,81 Erin St,3,h,1260000,81,1900
Richmond,52 Lyndhurst St,3,t,1236000,NA,NA
Richmond,409/120 Palmer St,2,u,540000,NA,NA
Richmond,6/25 River St,2,u,795250,85,1997
Richmond,29/9 Tennyson St,2,u,582000,75,2001
Richmond,2/65 Westbank Tce,1,u,5e+05,NA,NA
Richmond,7 Bank St,3,h,1600000,NA,NA
Richmond,29 Bowen St,3,h,2180000,NA,NA
Richmond,3/11 Brougham St,1,u,370000,38,1950
Richmond,131 Lord St,4,h,3335000,NA,1893
Richmond,60 Somerset St,2,h,935000,NA,1998
Richmond,234 Coppin St,3,h,1102000,NA,NA
Richmond,502/39 Bosisto St,1,u,437500,NA,2013
Richmond,412/10 Burnley St,1,u,421000,57,2012
Richmond,3/24 Davison St,2,u,479000,NA,1970
Richmond,78 Davison St,5,h,3200000,260,1890
Richmond,28/81 Edinburgh St,2,u,479000,62,1970
Richmond,32 Jubilee Pl,2,h,1042500,NA,NA
Richmond,318/185 Lennox St,2,u,655000,69,2005
Richmond,45 Lord St,2,h,1130000,NA,NA
Richmond,414/6 Lord St,2,u,561000,66,2013
Richmond,101/18 Tanner St,2,u,635000,76,2003
Richmond,247 Church St,3,h,1010000,105,1900
Richmond,32 Duke St,2,h,1025000,92,1900
Richmond,193 Mary St,2,h,1102000,NA,NA
Richmond,36/86 Burnley St,2,u,550000,68,2000
Richmond,21 Gardner St,3,h,1152500,NA,NA
Richmond,33a River St,4,h,1375000,158,2007
Richmond,28 Stawell St,3,h,1422000,NA,NA
Richmond,52 Brighton St,2,h,1506000,131,1920
Richmond,31 Johnson St,3,h,1350000,116,1940
Richmond,21 Leslie St,3,h,1090000,NA,NA
Richmond,110/61 Stawell St,1,u,405000,53,2005
Richmond,305/28 Burnley St,1,u,327000,43,2012
Richmond,30 Cameron St,3,h,1474000,94,1900
Richmond,32 Cameron St,3,h,1555000,115,1900
Richmond,315/6 Lord St,1,u,5e+05,52,2013
Richmond,53/69 Palmer St,2,u,815000,NA,NA
Richmond,12/104 Rowena Pde,1,u,345000,NA,1970
Richmond,406/20 Burnley St,1,u,345000,45,2012
Richmond,255 Coppin St,3,h,1275000,128,1900
Richmond,13 McKay St,3,h,1150000,92,1900
Richmond,249 Punt Rd,4,h,950000,124,1890
Richmond,303/18 Tanner St,2,h,270000,60,2004
Richmond,229/253 Bridge Rd,1,u,439000,56,2011
Richmond,12/200 Brighton St,2,u,695000,68,1997
Richmond,6/33 Goodwood St,2,u,512000,61,1970
Richmond,2/175 Kent St,2,t,855000,115,1970
Richmond,503/6 Lord St,2,u,1040000,95,2013
Richmond,508/18 Tanner St,1,u,681000,50,2004
Richmond,6 Berry St,2,h,9e+05,63,1900
Richmond,50B Duke St,3,h,1250000,126,2010
Richmond,22 Garfield St,2,h,990000,75,1900
Richmond,8 George St,2,h,1189000,110,1900
Richmond,308 Lennox St,2,h,1220000,88,1900
Richmond,47 Lord St,2,h,1220000,NA,NA
Richmond,149 Mary St,3,h,1100000,81,1915
Richmond,26 Thomas St,3,h,1346000,NA,NA
Richmond,28/8 Hull St,2,u,450000,66,2000
Richmond,73 Brighton St,2,h,1340000,NA,NA
Richmond,36 Charlotte St,2,h,1421000,NA,NA
Richmond,25 Egan St,3,h,1074000,140,1900
Richmond,8 Hodgson Tce,3,h,1205000,NA,NA
Richmond,35A Hunter St,2,t,1430000,125,2004
Richmond,41 Shelley St,3,h,1465000,170,1993
Richmond,7/42 Baker St,2,u,391000,51,1965
Richmond,41 Clifton St,2,h,1035000,NA,1900
Richmond,9/13 Manton St,2,u,530000,NA,1965
Richmond,38a Buckingham St,2,t,930000,85,2004
Richmond,77 Buckingham St,3,h,1182000,110,1920
Richmond,143 Burnley St,2,h,777500,76,1900
Richmond,27 Glass St,3,h,1115000,120,1980
Richmond,704/8 Howard St,3,u,760000,120,2005
Richmond,10/8 Hull St,2,u,640000,69,2000
Richmond,292 Lennox St,3,h,1710000,NA,NA
Richmond,8 Malleson St,3,h,1420000,119,1890
Richmond,603/120 Palmer St,1,u,390000,40,2011
Richmond,3 Portland St,3,h,3020000,NA,NA
Richmond,31 Westbank Tce,3,h,1346000,NA,NA
Richmond,106/28 Burnley St,1,u,380000,44,2012
Richmond,6/366 Church St,2,u,680000,52,2012
Richmond,4a Gardner St,2,t,1081000,115,1995
Richmond,42 Hunter St,2,h,860000,95,2000
Richmond,48 Rooney St,3,h,1820000,NA,1900
Richmond,35 Shelley St,2,h,905000,54,1920
Richmond,401/18 Tanner St,2,u,691000,85,2008
Richmond,29 Bennett St,3,h,1088000,120,1915
Richmond,2/310 Burnley St,3,t,911000,110,2000
Richmond,30 Highett St,4,h,3001000,241,1920
Richmond,9/63 Stawell St,2,u,638000,77,2008
Richmond,80 Bunting St,2,h,951000,NA,1905
Richmond,215 Burnley St,2,h,912000,NA,NA
Richmond,6/361 Church St,1,u,415000,NA,NA
Richmond,158 Mary St,3,h,1285000,NA,NA
Richmond,3 Type St,2,h,1220000,NA,NA
Richmond,18 Buckingham St,3,h,9e+05,60,2009
Richmond,36 Elm Gr,3,h,1695000,118,1900
Richmond,6 Kennedy St,3,h,1365000,110,1935
Richmond,117 Lord St,2,h,1088000,NA,NA
Richmond,110 Mary St,3,h,1765000,NA,NA
Richmond,58 Rooney St,2,h,1045000,90,1900
Richmond,8 Survey St,4,h,1591000,145,1900
Richmond,305/45 York St,1,u,402000,NA,NA
Richmond,6 Brady St,3,h,1275000,95,1900
Richmond,83 Buckingham St,2,h,1035000,NA,NA
Richmond,48 Docker St,3,h,2e+06,NA,NA
Richmond,16/10 Elaine Ct,3,u,931000,NA,NA
Richmond,14 Hunter St,3,h,2640000,NA,NA
Richmond,21A Kent St,2,t,842000,2,NA
Richmond,9 Type St,4,h,1510000,171,1900
Richmond,40 York St,3,h,1550000,76,1900
Richmond,134 Coppin St,3,h,1456000,141,1900
Richmond,28 Corsair St,2,h,1145000,NA,1910
Richmond,27/16 Goodwood St,2,t,810000,NA,NA
Richmond,5 Koorang La,3,h,1100000,118,2013
Richmond,1 Newry St,2,h,1220000,NA,NA
Richmond,7/1 Princess St,2,t,895000,NA,NA
Richmond,20 Stillman St,2,h,1430000,NA,NA
Richmond,45 Westbank Tce,2,h,1045000,81,1890
Richmond,7 Bowen St,3,h,2e+06,180,1910
Richmond,10/200 Brighton St,2,u,646000,70,1993
Richmond,207/12 Coppin St,2,u,660000,76,2013
Richmond,51 Hunter St,2,h,1145000,80,1960
Richmond,103/8 Howard St,1,u,380000,NA,NA
Richmond,2 Kimber St,3,h,1285000,NA,NA
Richmond,249 Punt Rd,4,h,905000,124,1890
Richmond,31/15 River Bvd,2,u,750000,104,2000
Richmond,140/73 River St,2,u,604000,75,2009
Richmond,176 Buckingham St,4,h,1645000,214,1970
Richmond,301/633 Church St,3,u,945000,NA,1999
Richmond,7/182 Coppin St,1,u,306000,40,1965
Richmond,19 Dickens St,3,h,1270000,102,1900
Richmond,23a Dickmann St,3,t,975000,NA,1993
Richmond,1 Griffiths St,2,h,1105000,NA,NA
Richmond,8 Neptune St,2,h,965000,NA,1900
Richmond,606/120 Palmer St,2,u,620000,NA,2011
Richmond,4/1 Princess St,3,h,1100000,NA,NA
Richmond,211/18 Tanner St,1,u,450000,NA,NA
Richmond,29 Westbank Tce,3,h,1850000,112,1900
Richmond,57 Neptune St,3,h,1650000,141,1920
Richmond,41 Cameron St,3,h,1320000,118,1890
Richmond,320 Church St,3,h,1651000,111,1900
Richmond,2 Francis St,3,h,1032000,NA,NA
Richmond,3 Jika Pl,3,h,915000,NA,NA
Richmond,3 Mary St,3,h,1075000,NA,NA
Richmond,46 Park Gr,4,h,1800000,193,1900
Richmond,3/77 River St,3,u,791500,104,2005
Richmond,22a Stanley St,3,h,1600000,144,1850
Richmond,10 Botherambo St,2,t,1200000,89,1940
Richmond,288 Church St,3,h,1555000,164,1900
Richmond,25 Dickmann St,3,h,1361000,102,NA
Richmond,12 Longfield St,3,h,1540000,NA,NA
Richmond,1/7 Sanders Pl,3,t,1582000,184,2005
Richmond,302/366 Church St,2,u,712000,NA,2012
Richmond,28 Farmer St,3,h,2055000,121,1960
Richmond,23 Gardner St,3,t,1012000,NA,NA
Richmond,239 Punt Rd,3,h,1570000,NA,NA
Richmond,30 Rowena Pde,3,h,1345000,128,1900
Richmond,201/61 Stawell St,1,u,410000,60,2008
Richmond,3/61 Stawell St,2,u,696000,68,2008
Richmond,5 Birch Sq,3,h,1350000,174,2000
Richmond,4 Burgess St,3,h,1405000,NA,NA
Richmond,601/10 Burnley St,1,u,362000,NA,NA
Richmond,408/633 Church St,2,u,760000,NA,NA
Richmond,5/10 Elaine Ct,2,u,807000,106,2000
Richmond,1 Hodgson Tce,3,h,1495000,NA,NA
Richmond,9 Hosie St,3,h,1410000,NA,NA
Richmond,104/8 Howard St,1,u,385000,50,2005
Richmond,52 Hunter St,2,h,1150000,80,1900
Richmond,3 Longfield St,3,h,1400000,NA,NA
Richmond,25 Palmer St,4,h,1775000,144,1900
Richmond,4/199 Punt Rd,1,u,360000,NA,NA
Richmond,43 Type St,3,h,1270000,92,1910
Richmond,50 Canterbury St,2,h,827500,72,1900
Richmond,183 Mary St,4,h,1500000,89,NA
Richmond,153/73 River St,2,u,560000,70,2004
Richmond,21 Crown St,3,h,1165000,170,NA
Richmond,219/6 Lord St,2,u,790000,91,2013
Richmond,2 Peers St,2,h,870000,NA,NA
Richmond,29a Abinger St,3,h,1185000,NA,NA
Richmond,20 Lincoln St,4,h,1212500,108,2010
Richmond,24 The Crofts,2,h,1125000,74,1900
Richmond,5 Union St,3,h,1520000,100,1900
Bentleigh East,1 Melva St,4,h,1515000,200,1950
Bentleigh East,7 Celia St,3,h,986000,100,1950
Bentleigh East,1/65 Blamey St,3,h,830000,NA,2006
Bentleigh East,1/32 Elizabeth St,3,t,767000,NA,NA
Bentleigh East,39 Elizabeth St,4,h,1860000,NA,NA
Bentleigh East,122B Tambet St,3,t,1200000,NA,NA
Bentleigh East,29 Argyle St,3,h,1175000,NA,NA
Bentleigh East,28B Barrington St,3,t,1225000,180,2008
Bentleigh East,1/22 Brooks St,3,t,1055000,NA,2000
Bentleigh East,6 Elswill St,5,h,1351000,NA,NA
Bentleigh East,1 Heather St,2,h,1962000,NA,NA
Bentleigh East,1/62 Tudor St,3,h,810000,105,1950
Bentleigh East,2/575 Warrigal Rd,3,t,850000,NA,NA
Bentleigh East,2/16 Argyle St,2,u,535000,68.11,1970
Bentleigh East,4 Box Ct,3,h,1640000,NA,NA
Bentleigh East,2/10 Chester St,3,u,809000,NA,NA
Bentleigh East,13 Delma St,3,h,1510000,NA,NA
Bentleigh East,15 Lilac St,4,h,1292000,161,1950
Bentleigh East,68 Mawby Rd,3,h,1165000,158,NA
Bentleigh East,978 North Rd,3,h,959000,119,1960
Bentleigh East,68 Tambet St,3,h,1251000,NA,NA
Bentleigh East,76 Wingate St,3,h,1205000,NA,1960
Brunswick,129 Glenlyon Rd,3,h,1652000,196.8,1921
Brunswick,3/15 Mitchell St,2,u,735000,77,1970
Brunswick,217 Victoria St,3,h,1210000,112,1900
Brunswick,4/287 Albion St,1,h,412000,NA,NA
Brunswick,2/199 Barkly St,1,u,528000,58,2010
Brunswick,10 Bennie St,3,h,1115000,116,1925
Brunswick,373 Brunswick Rd,3,h,1300000,NA,NA
Brunswick,2/15 De Carle St,2,u,320000,48,1970
Brunswick,1 Denman St,4,h,1500000,NA,NA
Brunswick,38 Edward St,3,h,1260000,120,1910
Brunswick,1/19 Manallack St,4,h,1210000,200,2009
Brunswick,10 Staley St,3,h,1200000,NA,1927
Brunswick,8/93 Tinning St,1,u,315000,NA,NA
Brunswick,17 Ballarat St,2,h,830000,NA,NA
Brunswick,94 Davies St,4,h,1385000,173.45,1950
Brunswick,25/5 Evans St,3,t,981000,140,2012
Brunswick,7/675 Park St,1,u,418000,51,1970
Brunswick,7/200 Albion St,2,u,585000,258,2006
Brunswick,6/1 Heller St,4,h,1900000,212,2012
Brunswick,41 Mountfield St,3,h,1450000,NA,NA
Brunswick,286 Barkly St,1,h,1200000,NA,NA
Brunswick,1/135 Brunswick Rd,2,t,6e+05,NA,2011
Brunswick,68 Gold St,3,h,1075000,NA,NA
Brunswick,13 Goodman St,2,h,884000,75,1890
Brunswick,64 Tinning St,3,h,957000,NA,NA
Brunswick,2/139 Union St,2,u,480000,57,1960
Brunswick,251 Albion St,4,h,1650000,NA,NA
Brunswick,11 Garnet St,3,h,1440000,NA,NA
Brunswick,9 Goodman St,2,h,955000,NA,1880
Preston,502/49 Plenty Rd,2,u,413000,NA,2009
Preston,14 West St,3,h,1190000,118,1935
Preston,2 Bruce St,2,h,2e+06,NA,NA
Preston,4 Devon St,3,h,1045000,NA,NA
Preston,7 Leicester St,3,h,1121000,123,1925
Preston,2/15 Percival St,3,u,715000,NA,1996
Preston,263 Tyler St,4,h,1200000,NA,NA
Preston,53 William St,3,h,917500,123,1965
Preston,125 Albert St,4,h,770000,NA,NA
Preston,31 Benambra St,3,h,8e+05,124,1940
Preston,3 Carthew Gr,4,h,1075000,146,1935
Preston,3 Evelyn St,3,h,1015000,NA,NA
Preston,110 Raglan St,3,t,880000,103.6,NA
Preston,118 Wood St,3,h,1020000,140,NA
Preston,33 Grandview Rd,3,h,1e+06,145,1950
Preston,86 Malpas St,3,h,1010000,NA,NA
Preston,21 Robeson St,4,h,1110000,NA,1935
Preston,47 Youngman St,2,h,8e+05,NA,NA
Preston,20 Ambon St,3,h,910000,90,1955
Preston,12 Belgrove St,3,h,1215000,NA,NA
Preston,2 Bruce St,2,h,2300000,NA,NA
Preston,60 Carlisle St,2,h,1108000,NA,1940
Preston,11 Murphy St,3,h,801000,NA,NA
Preston,227 Wood St,3,h,1010000,NA,NA
Preston,6 Adams St,3,h,690000,90,1960
Preston,460 Bell St,2,h,630000,NA,1955
Preston,39 Malpas St,3,h,1100000,124,1950
Preston,72 McNamara St,3,h,1055000,NA,NA
Preston,1/584 Murray Rd,2,u,560000,NA,NA
Preston,3/152 Tyler St,1,u,385000,65,2011
Reservoir,2 Fordham Rd,4,h,741000,NA,NA
Reservoir,6 Greenock St,3,h,725000,NA,NA
Reservoir,2/144 Hickford St,3,u,615000,NA,NA
Reservoir,3/963 High St,2,u,406000,NA,NA
Reservoir,29 Southernhay St,3,h,1010000,NA,NA
Reservoir,83 Whitelaw St,2,h,852000,NA,NA
Reservoir,18 Zinnia St,3,h,595000,116,1970
Reservoir,5 Carson St,3,h,665000,NA,NA
Reservoir,1/4 Kenilworth St,3,u,631000,NA,NA
Reservoir,11 Mais St,4,h,905000,142,1965
Reservoir,33 McMahon Rd,5,h,845000,100,1960
Reservoir,19 Tovey St,4,h,770000,213,1970
Reservoir,37 Vale St,2,h,935000,NA,NA
Reservoir,22 Wilson Bvd,3,h,610000,102,1960
Reservoir,96b Cheddar Rd,4,h,678500,NA,NA
Reservoir,1 Delaware St,2,h,861500,100,1940
Reservoir,21 Henty St,3,h,801000,115,1950
Reservoir,72 Henty St,4,h,1150000,NA,NA
Reservoir,3 Horton St,3,h,760000,NA,NA
Reservoir,2/6 Merrilands Rd,2,u,490000,85,2009
Reservoir,1/74 Miranda Rd,3,h,605000,112,1950
Reservoir,1/209 Purinuan Rd,2,t,652000,93,2007
Reservoir,1/80 Delaware St,2,t,615000,NA,NA
Reservoir,3/80 Delaware St,1,u,407000,NA,NA
Reservoir,44 Mendip Rd,4,h,930000,NA,NA
Reservoir,1/28 North Rd,3,t,741000,120,NA
Reservoir,2/87 Purinuan Rd,2,h,375000,67,1980
Reservoir,6 Sedge Ct,4,h,1005000,NA,NA
Reservoir,32 Ayr St,4,h,8e+05,NA,NA
Reservoir,42 Elinda Pl,2,u,395000,NA,1990
Reservoir,6 Joffre St,2,h,1025000,NA,NA
Richmond,7 Berry St,2,h,950000,NA,NA
Richmond,60 Gardner St,2,h,1110000,NA,NA
Richmond,49 Garfield St,2,t,950000,118,2012
Richmond,4/39 Hunter St,2,u,1226000,99,1996
Richmond,516/2 McGoun St,1,u,5e+05,NA,NA
Richmond,118 Somerset St,3,h,1214000,106,1900
Richmond,213/253 Bridge Rd,1,u,370000,NA,2011
Richmond,308/633 Church St,3,u,790000,90,1999
Richmond,29 Gipps St,3,h,1400000,NA,NA
Richmond,307/18 Hull St,2,u,5e+05,NA,2012
Richmond,1/2 Little Kent St,2,t,1090000,137,2002
Richmond,113A Richmond Tce,3,h,1785000,115,1958
Richmond,106/59 Stawell St,2,u,560000,65,2008
Richmond,101/27 Dickmann St,2,u,690000,NA,2010
Richmond,43 Gardner St,2,h,1050000,63.7,1900
Richmond,293 Highett St,3,h,2060000,NA,NA
Richmond,62 Butler St,2,h,860000,NA,NA
Richmond,6/323 Church St,3,t,1052000,100,2010
Richmond,2 Portland St,3,h,3e+06,204,2011
Richmond,3 Kimber St,3,h,1330000,95,1900
Richmond,304/253 Bridge Rd,2,u,630000,NA,2011
Richmond,30 Corsair St,2,h,1210000,NA,NA
Richmond,2 Moore St,1,h,911000,77,1900
Richmond,57 Type St,3,h,1590000,NA,NA
Bentleigh East,1 Gladesville Dr,5,h,1220000,188,1950
Brunswick,11/757 Park St,2,u,692000,NA,NA
Reservoir,111 Boldrewood Pde,3,h,840000,120,1960
Reservoir,57 Crevelli St,2,h,560000,NA,NA
Reservoir,7 Inverness St,4,h,9e+05,NA,NA
Reservoir,78 McMahon Rd,4,h,902000,NA,NA
Reservoir,16 Muriel Ct,3,h,825000,NA,NA
Reservoir,3/76 Southernhay St,2,t,668500,104.63,2014
Richmond,13 Francis St,2,h,1165000,NA,NA
Richmond,7/129 Hoddle St,2,u,890500,123,1940
Richmond,2 Sutton Gr,2,h,1442000,NA,NA
Bentleigh East,872 Centre Rd,3,h,1185000,145,NA
Bentleigh East,7 Curtin St,4,h,1460000,NA,1955
Bentleigh East,60A Kennedy St,3,t,935000,NA,2000
Bentleigh East,38 Malane St,4,h,1620000,255,2014
Bentleigh East,23 Manuka St,4,h,1580000,175,1950
Bentleigh East,20 Northam Rd,3,h,1315000,353,NA
Brunswick,15 Ashmore St,3,h,1590000,NA,NA
Brunswick,326 Barkly St,3,h,1435000,108,1890
Brunswick,369 Barkly St,2,h,1315000,106,1910
Brunswick,7/37 Blyth St,2,h,730000,NA,1970
Brunswick,18 Boase St,2,h,7e+05,112,2007
Brunswick,15 Cooraminta St,3,h,1900000,NA,NA
Brunswick,34A Downs St,2,h,920000,109,1995
Brunswick,8 Jones St,2,t,765000,88,2007
Brunswick,102 Mitchell St,4,h,1400000,177,1900
Brunswick,24 Rosser St,2,h,740000,NA,NA
Preston,129 Albert St,3,h,850000,NA,NA
Preston,1 Bellarine St,5,h,1400000,217,1925
Preston,34 Grange St,3,h,930000,NA,NA
Preston,121 Murray Rd,4,h,830000,540,1965
Preston,145 Murray Rd,3,h,881000,115,1930
Preston,2/7 Oak St,3,u,660000,NA,1995
Preston,202 Raglan St,3,h,945000,120,1940
Preston,8 Scotia St,3,h,1210000,126,1920
Preston,34 Showers St,3,h,970000,NA,1950
Preston,3/26 Tyler St,2,u,465000,169,NA
Preston,42 Tyler St,3,h,725000,94,1950
Preston,49 Wallace St,3,h,990000,NA,NA
Preston,39 William St,3,h,972500,103,1930
Preston,26A Young St,3,h,955000,123,2000
Reservoir,13 Crispe St,4,h,1100000,NA,NA
Reservoir,5 Edgar St,5,h,1266000,NA,1990
Reservoir,9 Frankston St,3,h,1040000,NA,NA
Reservoir,81 McMahon Rd,2,h,888000,NA,NA
Reservoir,2/33 Oconnor St,2,t,521000,94,2009
Reservoir,76 Powell St,3,h,857700,116,1930
Reservoir,2/4 Pratt St,3,t,642500,140,2010
Richmond,7 Benson St,3,h,1676000,NA,NA
Richmond,27 Charlotte St,4,h,1400000,NA,NA
Richmond,22 Glass St,3,h,1301000,NA,1990
Richmond,5/202 Lennox St,2,u,575000,66,1960
Bentleigh East,24 Hill St,3,h,1316000,NA,1958
Bentleigh East,14 John St,3,h,1617000,NA,NA
Bentleigh East,5D MacKie Rd,3,t,950000,NA,NA
Bentleigh East,26 May St,3,h,1525000,128,1940
Bentleigh East,52 Paloma St,4,h,1330000,191,1950
Bentleigh East,2/71 Tudor St,3,t,850000,NA,NA
Bentleigh East,14 York St,3,h,1228000,NA,NA
Brunswick,6/116 Albert St,2,u,510000,64,2009
Brunswick,176 Barkly St,3,h,1925000,182,1925
Brunswick,73 Mitchell St,2,h,890000,78,1910
Brunswick,135 Victoria St,4,h,1500000,100,1908
Brunswick,31 Wilkinson St,3,h,950000,NA,NA
Preston,35 Leicester St,3,h,1017500,NA,NA
Preston,50 Newcastle St,2,h,1050000,NA,NA
Preston,196 Raglan St,4,h,840000,113,1950
Reservoir,3/36 Crookston Rd,3,u,510000,100,2009
Reservoir,20 McMahon Rd,4,h,930000,NA,NA
Reservoir,2/65 Purinuan Rd,3,h,635000,NA,NA
Reservoir,149 Spring St,2,h,850000,NA,NA
Reservoir,36 Sturdee St,3,h,780000,103,1940
Richmond,4 Bell St,2,h,1172000,NA,NA
Richmond,182 Buckingham St,3,t,1255000,123,2008
Richmond,10 Campbell St,2,h,1275000,72,1890
Richmond,51 Garfield St,3,h,1120000,149,2007
Richmond,17/47 Mary St,3,h,1190000,110,1997
Richmond,2/50 Palmer St,1,u,534000,NA,2003
Richmond,7 Wiltshire St,3,h,1425000,81,2000
Richmond,312/45 York St,2,u,650000,NA,2011
Bentleigh East,125 Bignell Rd,3,h,1410000,736,NA
Bentleigh East,1/16 Brady Rd,3,t,817000,NA,NA
Bentleigh East,12 Kennedy St,4,h,1815000,107,1960
Bentleigh East,10 Majdal St,3,h,1225000,129,1950
Brunswick,240 Barkly St,3,h,1275000,156,1900
Brunswick,40 Blair St,2,h,9e+05,NA,NA
Brunswick,1/15 Cassels Rd,2,u,520000,NA,NA
Brunswick,25 Ford St,3,h,1204000,101,1890
Brunswick,14 Peveril St,2,h,730000,NA,NA
Preston,21 Edwin St,3,h,1242000,135.5,1940
Preston,186 Gilbert Rd,2,h,1365000,NA,NA
Preston,1/40 Grandview Rd,3,u,691000,NA,NA
Preston,10 Ivy St,2,t,660000,NA,1940
Preston,72d Oakover Rd,3,t,875000,NA,NA
Preston,173 Raglan St,5,h,1350000,266.76,2014
Preston,6 The Mews,3,h,1020000,159,2008
Reservoir,1 Balfour St,3,h,630000,NA,NA
Reservoir,29 Byfield St,3,h,877500,NA,NA
Reservoir,69 Chauvel St,5,h,912000,203,1960
Reservoir,9 Kelverne St,3,h,685000,102,1960
Reservoir,1/31 Kenilworth St,1,u,270000,60,1980
Reservoir,13 McColl St,3,h,911000,NA,1950
Reservoir,4/43 St Vigeons Rd,1,u,365000,NA,NA
Reservoir,1/65 Thackeray Rd,2,u,470000,NA,NA
Richmond,7/129 Hoddle St,2,u,890500,123,1940
Richmond,15/104 Rowena Pde,1,u,355000,NA,1970
Richmond,15 The Crofts,3,h,1300000,NA,NA
Richmond,4/12 Woodlawn St,2,u,717000,NA,NA
Richmond,18 Yorkshire St,3,h,1530000,NA,1900
Bentleigh East,31 Bristol St,3,h,890000,NA,NA
Bentleigh East,52 Deakin St,4,h,1655000,363,2003
Bentleigh East,81 Marlborough St,3,h,1430000,197,1950
Bentleigh East,2/10 Thana St,3,t,955000,NA,NA
Brunswick,13 Blair St,2,h,860000,106,1890
Brunswick,141 Edward St,3,h,1505000,NA,NA
Brunswick,142 Edward St,3,h,1700000,NA,NA
Brunswick,106 Evans St,3,h,1280000,NA,NA
Brunswick,404/9 Florence St,2,u,755000,NA,NA
Brunswick,11 Heller St,5,h,2545000,320,1995
Brunswick,32 Holloway Rd,3,h,1405000,167,1920
Brunswick,2/90 Tinning St,2,u,460000,52,1970
Preston,19 Cynga St,3,h,920000,93,1950
Preston,105 Gower St,3,h,1115000,129,1960
Preston,40/122 High St,3,u,550000,NA,2012
Preston,52 May St,3,h,1171000,186,1930
Preston,477 Murray Rd,5,h,1060000,192,1940
Preston,428 Plenty Rd,3,h,996000,NA,NA
Preston,3/5 Sussex St,2,h,617500,81,1985
Reservoir,5 Boldrewood Pde,3,h,817000,NA,NA
Reservoir,25 Fyfe St,2,t,575000,102,2015
Reservoir,104 Purinuan Rd,3,h,635000,147,2009
Reservoir,3/80 Rathcown Rd,2,u,470000,NA,2007
Reservoir,2/116 Spring St,3,h,7e+05,NA,NA
Reservoir,4 Wattle Gr,3,h,860000,136,1950
Richmond,25 Canterbury St,2,h,1e+06,NA,NA
Richmond,74 Hunter St,3,h,1250000,NA,NA
Richmond,28 Newry St,3,h,1280000,NA,NA
Richmond,52/73 River St,2,u,615000,86,2005
Richmond,7/4 Smith St,1,u,314000,37,1970
Richmond,9 Wall St,2,h,1341000,87,1890
Brunswick,9 Blyth St,4,h,1515000,194,1890
Brunswick,37 Fourth Av,3,h,1037000,101,1996
Brunswick,6 Gregory St,3,h,1100000,NA,NA
Preston,11 Milton Cr,2,h,820000,NA,NA
Preston,24 Mitchell St,3,h,1150000,NA,NA
Reservoir,23 Acheron Av,3,h,925000,NA,1940
Reservoir,48 Crevelli St,3,h,526250,NA,NA
Reservoir,24 Daleglen St,1,h,351000,63,1950
Reservoir,2 Kerang Av,3,h,760000,NA,NA
Reservoir,82 Radford Rd,3,h,690000,NA,1960
Richmond,9/343 Church St,2,u,715000,NA,NA
Richmond,5/33 Goodwood St,2,u,630000,NA,1970
Richmond,334 Highett St,2,h,1200000,NA,NA
Bentleigh East,4 Carmel Ct,3,h,1175000,NA,NA
Bentleigh East,9 Edith Ct,3,h,1290000,NA,NA
Brunswick,26 MacFarland St,3,h,1310000,91,1910
Preston,19 Bruce St,3,h,1270000,NA,NA
Preston,210 Gower St,3,h,980000,NA,NA
Preston,66 McNamara St,4,h,1148000,140,1940
Reservoir,32A Broadhurst Av,4,h,1210000,NA,NA
Reservoir,13 Clinnick St,3,h,935000,99,1960
Reservoir,22 Dyson St,3,h,510000,119,1950
Reservoir,39 Gertz Av,5,h,861000,NA,NA
Reservoir,1053 High St,3,h,732000,NA,NA
Reservoir,13 Nutwood St,4,h,755000,157,1995
Reservoir,1/72 Pine St,1,u,325000,NA,1970
Reservoir,52 Powell St,4,h,1200000,260,1940
Bentleigh East,1 Pell St,4,h,1384000,NA,NA
Brunswick,15 Hall St,4,h,1350000,184,1920
Brunswick,44 Mitchell St,5,h,1300000,NA,NA
Brunswick,23/1 Pottery Ct,1,u,315000,NA,NA
Preston,7 Kenneth St,4,h,1060500,130,NA
Preston,21 Wurruk Av,4,h,990000,NA,NA
Reservoir,4/23 Compton St,2,u,652000,NA,1970
Reservoir,66 Crookston Rd,3,h,953000,115,1970
Reservoir,6/767 High St,2,u,468000,81,2012
Reservoir,2/27 Horton St,2,t,710000,138,2013
Reservoir,11B Mahoneys Rd,3,h,550000,NA,NA
Reservoir,107 McFadzean Av,3,h,725000,NA,NA
Reservoir,106 Miranda Rd,3,h,880000,NA,NA
Reservoir,1/118 Rathcown Rd,2,u,502000,69,2015
Reservoir,57 Southernhay St,3,h,1175000,NA,NA
Richmond,107/61 Stawell St,1,u,432000,NA,NA
Richmond,201/65 Stawell St,2,u,8e+05,89,2008
Bentleigh East,1a Benina St,2,u,860000,NA,1990
Brunswick,148 Donald St,3,h,1120000,107,1920
Brunswick,54 Dunstan Av,2,h,1110000,101,1922
Brunswick,9 First Av,3,h,1260000,NA,NA
Brunswick,24 Mitchell St,4,h,1790000,238,1950
Preston,5/49 Austral Av,1,u,250000,34,1965
Preston,1/70 Bruce St,1,u,392000,41,1965
Preston,24 Dermot St,1,u,505000,43,2000
Preston,27 Pender St,3,h,980000,107,1925
Reservoir,4/26 Acheron Av,2,u,495000,NA,2013
Reservoir,9/23 Ashley St,2,h,320000,65,1965
Reservoir,1/3 Drysdale St,2,t,617500,114,2010
Reservoir,11 Knox St,5,h,1282500,251,2015
Reservoir,20 Massey Av,4,h,760500,NA,NA
Richmond,221/253 Bridge Rd,2,u,419000,51,2011
Richmond,17 Dickmann St,3,h,1590000,NA,NA
Richmond,607/2 McGoun St,2,u,592000,NA,NA
Richmond,401/28 Tanner St,2,u,1667500,141,1940
Richmond,306/45 York St,2,u,685000,77,2011
Bentleigh East,2/9 Argyle St,2,u,592000,NA,NA
Bentleigh East,2A Goodrich St,3,h,9e+05,NA,NA
Bentleigh East,10 Juliana St,4,h,1780000,NA,NA
Bentleigh East,16 Waratah St,3,t,1260000,138,1960
Brunswick,1/46 Davies St,2,h,650000,70,1970
Brunswick,11 Marks St,4,h,1080000,NA,NA
Preston,20 Austral Av,4,h,1485000,202,1920
Preston,47 Cooper St,7,h,1350000,NA,NA
Preston,483 Gilbert Rd,3,h,905000,NA,NA
Preston,5 Toolangi Gr,3,h,1045000,NA,NA
Reservoir,9 Darebin Bvd,4,h,905000,NA,NA
Reservoir,14 Kinkora Rd,2,h,875000,NA,NA
Reservoir,40 Lockton Av,3,h,670000,NA,1970
Reservoir,2 Moira Av,3,h,605000,NA,NA
Reservoir,1/33 Oconnor St,2,t,672000,120,2012
Richmond,1/77 Abinger St,2,u,660000,NA,NA
Richmond,61 Baker St,3,h,1310000,NA,1920
Richmond,16/297 Church St,2,u,666000,60,NA
Richmond,5/33 Davison St,1,u,330000,43.7,1970
Richmond,712/8 Howard St,2,u,927000,NA,2000
Richmond,3/30 Tanner St,2,u,575500,NA,NA
Bentleigh East,16 Clifton St,4,h,1216000,NA,NA
Bentleigh East,15 Huntingdon Rd,2,h,1575000,NA,NA
Bentleigh East,45 Tambet St,3,h,1470000,154,1960
Brunswick,57 Edward St,3,h,1200000,NA,NA
Brunswick,39 Wilkinson St,2,h,8e+05,90,1890
Reservoir,11 Asquith St,4,h,750000,NA,NA
Reservoir,1 Cameron St,3,h,861000,135,1950
Reservoir,39 Crevelli St,3,h,612500,128,1950
Reservoir,98 Crookston Rd,3,h,906000,NA,NA
Reservoir,21 Hughes Pde,3,h,758000,NA,NA
Reservoir,79 North Rd,4,h,9e+05,119,1950
Reservoir,165 Spring St,2,h,762000,NA,NA
Richmond,168 Mary St,4,h,2368000,NA,NA
Preston,69 Jensen Rd,3,h,1072500,NA,NA
Preston,24 Regent St,3,h,920000,NA,1930
Reservoir,34 Elsey Rd,3,h,750000,NA,NA
Reservoir,753 Gilbert Rd,3,h,755000,109,1965
Reservoir,55 Keon Pde,2,h,680000,NA,NA
Reservoir,27 Ramleh Rd,3,h,870000,NA,NA
Richmond,69 Buckingham St,3,h,1525000,122,1890
Richmond,50 Farmer St,3,h,1200000,NA,NA
Richmond,36/73 River St,2,u,592000,77,2006
Bentleigh East,794 North Rd,4,h,1520000,NA,NA
Bentleigh East,21 Yaralla Rd,3,h,1070000,105,1960
Brunswick,176 Albert St,2,h,911000,77,1905
Brunswick,4/135 Brunswick Rd,2,t,640000,2,NA
Brunswick,5 McPherson St,4,h,1820000,288,2017
Brunswick,4/831 Park St,1,u,170000,NA,NA
Preston,23 Lyonsville Av,3,h,1035000,NA,NA
Preston,106 Malpas St,3,h,880000,NA,NA
Reservoir,119 Boldrewood Pde,3,h,930000,NA,NA
Reservoir,75 Botha Av,4,h,912000,NA,NA
Reservoir,9 Delaware St,3,h,9e+05,NA,NA
Reservoir,7 Loddon Av,3,h,935000,NA,NA
Reservoir,4/27 McMahon Rd,2,u,465000,61,2012
Reservoir,76 North Rd,2,h,920000,100,1955
Richmond,37 Spencer Pl,3,t,1500000,145,2011
Richmond,29 Type St,2,h,1200000,86,1890
Bentleigh East,17 Gowrie St,4,h,1115000,NA,NA
Bentleigh East,77A Orange St,3,t,1280000,239,2013
Bentleigh East,1/87 Orange St,2,u,690000,NA,2008
Bentleigh East,41 Shrewsbury St,4,h,1595000,167,1960
Brunswick,37 Dunstan Ave,3,h,905000,NA,NA
Preston,15 Albert St,3,h,961000,144,1970
Preston,11 Jackman St,3,h,1001000,NA,NA
Reservoir,20 Barton St,3,h,876000,120,1950
Reservoir,49 Liston Av,4,h,866000,150,1940
Reservoir,19 Lucille Av,3,h,775500,120,1960
Reservoir,25 Ramleh Rd,4,h,920000,NA,NA
Bentleigh East,316 Chesterville Rd,2,h,1020000,115,1959
Bentleigh East,9 Vine Ct,4,h,1675000,294,NA
Brunswick,281 Albion St,3,h,1150000,NA,1900
Brunswick,232 Brunswick Rd,3,h,1280000,NA,NA
Brunswick,146 Donald St,3,h,1325000,120,1920
Brunswick,15 Eveline St,4,h,1630000,174,1880
Brunswick,43 Mitchell St,4,h,1275000,NA,NA
Brunswick,22 Stanley St,4,h,1770000,187,1930
Preston,97 Albert St,3,h,1150000,NA,NA
Preston,21 Emerald St,3,h,820000,NA,NA
Preston,340 Plenty Rd,4,h,950000,NA,NA
Reservoir,93 Arundel Av,3,h,901000,NA,NA
Reservoir,11 Duffy St,3,h,680000,NA,NA
Reservoir,42 Gisborne Cr,3,h,890000,NA,NA
Reservoir,9 Marchant Av,4,h,1190000,NA,NA
Reservoir,5 Mendip Rd,3,h,855000,NA,NA
Reservoir,32 Moira Av,4,h,785000,NA,NA
Reservoir,19 Smith St,5,h,1e+06,361,2004
Reservoir,57 Yarra Av,3,h,8e+05,NA,NA
Reservoir,20 York St,3,h,1400000,115,1920
Richmond,201/77 Abinger St,1,u,4e+05,51,2012
Richmond,8 Hunter St,3,h,1900000,NA,NA
Bentleigh East,16 Bevis St,5,h,1800000,243,1960
Bentleigh East,28 Melva St,4,t,1130000,183,2012
Bentleigh East,47 Parkmore Rd,4,h,1370000,186,1930
Bentleigh East,1 Sassella St,3,h,1311000,194,1950
Brunswick,1/208 Albion St,1,u,424000,80,2009
Preston,61 Dundas St,3,h,910000,96,1965
Reservoir,1E Black St,3,t,640000,128,2008
Reservoir,1 Don St,4,h,1112000,170,1985
Reservoir,28 Manoel Av,4,h,852000,240,1980
Reservoir,4 Newton St,3,h,8e+05,90,1960
Reservoir,92 Pine St,2,u,625500,111,1960
Richmond,170 Coppin St,4,h,1800000,NA,NA
